lambda,peak_mean
0.4,0.34416261691437094
0.405,0.34313292940803364
0.41000000000000003,0.3421067693105618
0.41500000000000004,0.34108421047775894
0.42000000000000004,0.34006532558909386
0.42500000000000004,0.3390501860813499
0.43000000000000005,0.33803886208518474
0.43500000000000005,0.3370314223647112
0.44,0.33602793426027916
0.445,0.33502846363452904
0.45,0.3340330748218636
0.455,0.333141035330677
0.46,0.3323372811639971
0.465,0.33153601396125076
0.47000000000000003,0.33073727739504366
0.47500000000000003,0.3302889610437375
0.48000000000000004,0.32969573324187385
0.48500000000000004,0.3291952474466651
0.49,0.32841643056621134
0.495,0.32764028032119746
0.5,0.32686683668466804
0.505,0.3260961390368521
0.51,0.325328226126304
0.515,0.3245631360330213
0.52,0.32380090613345786
0.525,0.32304157306758374
0.53,0.32228517270791557
0.535,0.3215317401305626
0.54,0.3207813095883295
0.545,0.32003391448581237
0.55,0.31928958735648094
0.555,0.3186936993065902
0.56,0.3181105607249736
0.5650000000000001,0.3175289439238686
0.5700000000000001,0.3173032199007768
0.5750000000000001,0.31714987961958224
0.5800000000000001,0.31665473445075604
0.585,0.31608925947629946
0.5900000000000001,0.3155253826747034
0.595,0.31496313328729675
0.6000000000000001,0.3144025401759208
0.605,0.31384363179436703
0.61,0.3132864361615262
0.615,0.31273098083620343
0.62,0.31217729289364776
0.625,0.3116253989037089
0.63,0.3110753249106307
0.635,0.3105270964144477
0.64,0.3099807383539423
0.645,0.30943627509112326
0.65,0.3088937303972251
0.655,0.3083531274401199
0.66,0.3078226192280001
0.665,0.3074122147978645
0.67,0.3070025143582191
0.675,0.3065935458559963
0.68,0.30618533686844146
0.685,0.3061358540697756
0.69,0.30682170922654767
0.6950000000000001,0.305835038132771
0.7,0.3054393654157687
0.7050000000000001,0.3050445121479577
0.71,0.304650503321546
0.7150000000000001,0.30425736347860377
0.72,0.3038651166997472
0.7250000000000001,0.30347378659398827
0.73,0.3030833962897221
0.7350000000000001,0.3026939684267674
0.74,0.30230552514944425
0.7450000000000001,0.3019180881006452
0.75,0.3015316784168563
0.755,0.3011463167240964
0.76,0.3007620231346391
0.765,0.3003788172446838
0.77,0.2999967181326745
0.775,0.2996157443584531
0.78,0.299235913963054
0.785,0.29885724446919765
0.79,0.29848673552512134
0.795,0.29820784411082074
0.8,0.2979292231671274
