S,I,R
0.9899999999999999,0.010000000000000002,0.0
0.9840691960447525,0.014930803955247601,0.0010000000000000005
0.9752772583857936,0.022229661218681605,0.0024930803955247596
0.9623294449106288,0.03295450857197836,0.004716046517392921
0.9434469206590815,0.048541581966327844,0.008011497374590757
0.9163026219873412,0.0708317224414353,0.012865655571223544
0.8780870254268096,0.10196414675782324,0.019948827815367075
0.8258580976662158,0.1439966598426349,0.030145242491149398
0.7573561856360048,0.19809890588858217,0.04454490847541289
0.6723248657113295,0.2633203352243994,0.0643547990642711
0.5739245847000645,0.3353885827132247,0.09068683258671105
0.4692027144439678,0.4065715946979986,0.1242256908580335
0.3675763005946434,0.467540849077523,0.1648828503278334
0.27764682997355306,0.5107162347908614,0.21163693523558572
0.20437940834188936,0.5329120329434389,0.26270855871467186
0.1484708819545061,0.5355293560364782,0.3159997620090157
0.10769494362536973,0.5227523587619667,0.36955269761266357
0.0787224973667542,0.4994495691443855,0.4218279334888601
0.05835596808594259,0.46987114151075876,0.47177289040329873
0.04403349146814227,0.4372065039774832,0.5187600045543748
0.033883798029184585,0.40363554701869253,0.562480654952123
0.0266039056131857,0.3705518847328221,0.6028442096539923
0.0213066034388067,0.3387939984339189,0.6398993981272745
0.017392096887167113,0.3088291051421666,0.6737787979706664
0.014454088246083505,0.2808842032690336,0.704661708484883
0.012215290941465135,0.2550345802467486,0.7327501288117862
0.010484439916367857,0.23126197324717102,0.758253586836461
0.00912796234771422,0.20949225349110753,0.7813797841611781
0.008051335881062351,0.18961965460864869,0.8023290095102891
0.0071867660387259415,0.1715222589901202,0.8212909749711539
0.00648497500966942,0.1550718241201647,0.838443200870166
0.005909674678904674,0.14013994203891297,0.8539503832821824
0.005433804563911361,0.12660181795001504,0.8679643774860738
0.005036940898217791,0.1143384998207071,0.8806245592810752
0.004703490976183366,0.10323809976067082,0.8920584092631458
0.004421419851066631,0.09319636090972047,0.902382219239213
0.004181342017758392,0.08411680265205668,0.9117018553301849
0.003975866163287767,0.07591059824132163,0.9201135355953907
0.0037991173426708052,0.06849628723780642,0.9277045954195229
0.003646384901110996,0.061799390955585586,0.9345542241433036
0.003513860456330739,0.05575197630480729,0.940734163238862
0.0033984410388437406,0.05029219809181357,0.9463093608693425
0.0032975798349150405,0.045363839486560906,0.9513385806785243
0.003209172033291871,0.04091586333952799,0.9558749646271802
0.003131466791383722,0.036901982247483346,0.9599665509611327
0.003062998803226578,0.03328025201089215,0.9636567491858811
0.0030025346990285836,0.03001269091400093,0.9669847743869706
0.002949030755307857,0.027064925766321562,0.9699860434783705
0.0029015992954897203,0.024405864649507537,0.972692536055003
0.002859481815955057,0.02200739566409145,0.9751331225199534
0.002822027352818726,0.01984411056081864,0.9773338620863626
0.002788674959570448,0.017893051897985054,0.9793182731424448
0.00275893942984969,0.016133482237907303,0.9811075783322429
0.0027323995976510904,0.014546673846315175,0.9827209265560338
0.0027086886967371973,0.013115717362597553,0.9841755939406651
0.0026874863746150766,0.01182534794845992,0.985487165676925
0.00266851204328,0.010661787484949007,0.986669700471771
0.0026515193157375496,0.009612601463996553,0.9877358792202658
0.002636291329007158,0.00866656930432729,0.9886971393666654
0.002622636794528758,0.007813566908372963,0.9895637962970986
0.0026103866483541327,0.007044460363710292,0.9903451529879355
0.0025993911982398906,0.006351009777453505,0.9910495990243063
0.0025895176843039507,0.005725782313644095,0.9916847000020519
0.0025806481854250022,0.005162073581158633,0.9922572782334165
0.0025726778159419583,0.004653836592525814,0.9927734855915322
0.002565513167127452,0.0041956175820877396,0.993238869250785
0.0025590709558901545,0.003782498035116263,0.9936584310089938
0.0025532768496103466,0.0034100423378844447,0.9940366808125052
0.0025480644412473733,0.0030742505124589726,0.9943776850462935
0.002543374353122744,0.0027715155493377055,0.9946851100975396
0.0025391534512720065,0.002498584896254672,0.9949622616524734
0.002535354155124627,0.0022525257027765843,0.9952121201420987
0.0025319338296342785,0.0020306934579892755,0.9954373727123764
0.0025288542489380846,0.0018307036928865415,0.9956404420581751
0.0025260811222486794,0.0016504064502872926,0.995823512427464
0.0025235836740383315,0.001487863253468912,0.9959885530724927
0.002521334271709068,0.0013413263304512838,0.9961373393978399
0.002519308094895987,0.0012092198742192366,0.9962714720308851
0.002517482841354679,0.0010901231403386206,0.9963923940183068
0.002515838465063807,0.0009827552025956311,0.9965014063323405
0.002514356942751368,0.0008859612046485061,0.9965996818526002
0.002513022065545251,0.0007986999613897731,0.996688277973065
0.0025118192528692006,0.000720032777926846,0.9967681479692038
0.002510735386066181,0.0006491133669371816,0.9968401512469967
0.0025097586595413386,0.0005851787567683061,0.9969050625836905
0.0025088784474847073,0.0005275410931481063,0.9969635804593668
0.0025080851844654856,0.00047558024685251724,0.9970163345686821
0.002507370258390985,0.00042873714824176657,0.9970638925933673
0.0025067259144983672,0.00038650777731020727,0.9971067663081913
0.002506145169200109,0.0003484377448774445,0.9971454170859225
0.0025056217327376817,0.0003141174068521276,0.9971802608604101
0.0025051499397151364,0.00028317745918946,0.9972116726010954
0.0025047246866871415,0.00025528496629850886,0.9972399903470144
0.002504341376066659,0.00023013978028914097,0.9972655188436443
0.002503995865697348,0.00020747131262953693,0.997288532821673
0.002503684423506418,0.00018703562355751384,0.9973092799529363
0.0025034036867161344,0.00016861279799204612,0.997327983515292
0.0025031506251476507,0.00015200457976132544,0.9973448447950913
0.0025029225082000032,0.00013703223873284113,0.9973600452530672
0.002502716875130816,0.00012353464792874387,0.9973737484769405
0.002502531508304282,0.00011136654996240349,0.9973861019417335
0.0025023644091065832,0.00010039699416386104,0.9973972385967297
0.002502213776259925,9.05079275941335e-05,0.9974072782961458
0.002502077986293933,8.159292480071176e-05,0.9974163290889054
0.002501955575957944,7.355604265663049e-05,0.9974244883813854
0.002501845226379677,6.631078796923415e-05,0.9974318439856512
0.002501745748795689,5.9779186756298616e-05,0.997438475064448
0.002501656071696569,5.38909451797888e-05,0.9974444529831237
0.0025015752292458335,4.8582693112545755e-05,0.9974498420776416
0.00250150235084561,4.379730220151441e-05,0.9974547003469529
0.0025014366517350207,3.9483271091952246e-05,0.9974590800771729
0.0025013774245185973,3.559417119918038e-05,0.9974630284042822
0.0025013240315323723,3.208814706548776e-05,0.9974665878214021
0.002501275897964516,2.8927465926794812e-05,0.997469796636109
0.0025012325056557047,2.6078111642926952e-05,0.9974726893827015
0.0025011933875118517,2.3509418622486913e-05,0.9974752971938656
0.0025011581224685725,2.1193741803517665e-05,0.9974776481357281
0.00250112633095275,1.9106159138988713e-05,0.9974797675099083
0.0025010976707920568,1.7224203385782855e-05,0.9974816781258221
0.0025010718335280986,1.5527620311162498e-05,0.9974834005461609
0.0025010485410932965,1.3998150714847888e-05,0.9974849533081919
0.0025010275428155792,1.261933392108118e-05,0.9974863531232636
0.002501008612718473,1.1376330626078277e-05,0.9974876150566556
0.0025009915470874658,1.025576319447858e-05,0.9974887526897183
0.0025009761622762855,9.24557168621115e-06,0.9974897782660375
0.0025009622927295006,8.334884064374612e-06,0.9974907028232058
0.0025009497892000193,7.513899187418415e-06,0.9974915363116127
0.002500938517142297,6.7737813263993545e-06,0.9974922877015315
0.002500928355263917,6.106565072139132e-06,0.9974929650796639
0.002500919194219916,5.505069608926134e-06,0.9974935757361711
0.0025009109354357786,4.9628214321720425e-06,0.9974941262431323
0.0025009034900464098,4.473984678322744e-06,0.9974946225252751
0.0025008967779396795,4.0332983172204155e-06,0.9974950699237433
0.0025008907268941763,3.6360195310020386e-06,0.9974954732535751
0.0025008852718019347,3.277872670143942e-06,0.997495836855528
0.0025008803539677406,2.9550032373229384e-06,0.9974961646427951
0.0025008759204774625,2.66393640386837e-06,0.9974964601431188
0.002500871923628617,2.4015396123279546e-06,0.997496726536759
0.002500868320417022,2.1649888626892405e-06,0.9974969666907201
0.002500865072074035,1.951738319408379e-06,0.9974971831896067
0.00250086214364936,1.7594929121421302e-06,0.9974973783634387
0.002500859503634967,1.5861836353214003e-06,0.9974975543127297
0.0025008571236260395,1.4299452807159726e-06,0.9974977129310935
0.0025008549780153396,1.2890963633456743e-06,0.9974978559256213
0.002500853043717653,1.1621210246968052e-06,0.9974979848352575
0.0025008512999214008,1.047652718479173e-06,0.99749810104736
0.002500849727864702,9.444595033299727e-07,0.997498205812632
0.0025008483106335007,8.514307841981588e-07,0.9974983002585823
0.0025008470329795623,7.675653597172455e-07,0.9974983854016607
0.0025008458811564176,6.919606468896366e-07,0.9974984621581966
