US,AS,AI,UR,AR
0.99,0.0,0.009999999999999998,0.0,0.0
0.9796687120531538,0.004413044810907067,0.014918243135939155,0.00015000000000000004,0.0008499999999999998
0.9622044496702117,0.013150160357049129,0.022153565659145315,0.0004998232600666076,0.0019920010535273086
0.933889649996968,0.028748498739047994,0.03265467038447567,0.0011216681464867324,0.0035855127330217153
0.8900833451578265,0.0543622000553028,0.04758180686891467,0.002112477198921313,0.005860170719034701
0.8263147114625541,0.09279198691239746,0.06816247302020098,0.0035900560790116205,0.009140772525835858
0.7408125799157623,0.14426537353707106,0.09537497064029886,0.005680016124771671,0.013867059782095908
0.6377089725533408,0.20368758897684386,0.12951886549891795,0.008500262018517557,0.020584310952379906
0.5277376663543929,0.2603384272227228,0.169887446902095,0.012163393013408968,0.029873066507380287
0.42374019748368336,0.3025085368836487,0.2147260614216691,0.01680466145802729,0.04222054275297147
0.334376647372738,0.3236953765545824,0.26143016571951405,0.022598260659917064,0.057899549693248606
0.26211008458506213,0.3243636520527896,0.30688543643703126,0.02972467353828263,0.07691615338683443
0.20546856863572943,0.3092493426470969,0.3479527181483536,0.03831274453840714,0.09901662603041306
0.16169643668882733,0.28415766527074177,0.38202125565677536,0.048400327651167356,0.1237243147324882
0.1280747886736307,0.2541748547956508,0.4074235885813854,0.05992565054081006,0.15040111740852302
0.10230455593096602,0.22306465237927,0.42356166488229247,0.07274046547899028,0.17832866132848135
0.08254142536119927,0.19326930667875766,0.43076397466434224,0.0866345458347799,0.20679074746092097
0.06734253366412338,0.16615388698119804,0.4300018885925435,0.10136344486560103,0.2351382458965341
0.05559821832196606,0.14230866724562094,0.42259123481102356,0.11667363873333458,0.2628282408880548
0.04646603822325914,0.12182246421265264,0.4099504944615965,0.1323217958343606,0.2894392072681312
0.0393121871109607,0.10449489677494836,0.3934368635654395,0.14808737164377445,0.314668680904877
0.033662325711282595,0.08998463751706254,0.37425329786645956,0.1637793109842299,0.3383204279209655
0.02916211606284223,0.07790375915083723,0.35340905609447926,0.1792382933786518,0.36028677531318953
0.025546599737238683,0.06787208892175477,0.3317153370397174,0.19433599683820935,0.38052997746307987
0.022617010922164626,0.059544595272695844,0.30980088579987863,0.20897260588837185,0.3990649021168891
0.020223506532481336,0.052622071360089936,0.28813682552217995,0.22307346163468877,0.41594413495056004
0.01825243396212662,0.04685235252609506,0.26706393437431153,0.23658545058564387,0.4312458285518229
0.01661699401824736,0.042026749803913056,0.24681858360294165,0.2494734932212343,0.44506417935366366
0.015250404764950046,0.03797450677936448,0.22755555752049342,0.2617173264458149,0.4575022044893771
0.014100890818969564,0.03455683567475822,0.20936718681903083,0.2733086649341026,0.4686664217531388
0.013127999261959608,0.03166131241536053,0.19229888295353534,0.2842487601145002,0.47866304525464426
0.012299878754932993,0.029196959674090212,0.17636146790647877,0.2945463386109399,0.4875953550535582
0.011591259068500757,0.027090102555335706,0.16154079792101766,0.3042158838692942,0.49556195658585167
0.010981941606509366,0.025280960547764346,0.1478051775984786,0.31327621797803873,0.502655702269209
0.010455664400207105,0.0237208880153376,0.13511100957735978,0.32174934041081493,0.5089630975962806
0.009999242979167943,0.022370161173805646,0.12340705688219492,0.3296594834560831,0.5145640555087484
0.009601915668198733,0.021196213310240783,0.11263762636850952,0.33703234858657655,0.5195318960664744
0.009254841296343233,0.02017223149772475,0.1027449199160301,0.34389449289426405,0.5239335143956378
0.008950711256761928,0.019276041769915563,0.09367074769181757,0.35027283940965964,0.5278296598718454
0.008683447909082254,0.018489223003794974,0.08535775503643608,0.35619428937001035,0.5312752846806763
0.008447968591717646,0.017796401497417836,0.07775028035653422,0.3616854182018086,0.5343199313525218
0.008239999804659255,0.017184688097631982,0.07079493450772505,0.36677224013405485,0.5370081374559288
0.008055929994869706,0.01664322778436173,0.06444097118001235,0.37148002900041394,0.5393798420403424
0.007892692224514285,0.016162838065632273,0.058640501551096,0.37583318498078727,0.5414707831779701
0.0077476701096348966,0.015735717639487175,0.05334859393701088,0.37985513884044614,0.5433128794734209
0.00761862198529082,0.015355210786140388,0.04852328952100065,0.3835682867094149,0.5449345909981533
0.00750361942730803,0.015015616087138708,0.044125557825885064,0.3869939496616582,0.54636125699801
0.007400997144796227,0.014712030512918525,0.040119209900028555,0.3901523533506581,0.5476154090915986
0.007309311926966949,0.014440221825930128,0.03647078281484337,0.3930626237755848,0.5487170596566748
0.007227308837451124,0.014196523732806485,0.033149405715998496,0.39574279592397554,0.5496839657897683
0.007153893239483731,0.013977749379610419,0.030126655095562123,0.3982098325901341,0.5505318696952097
0.007088107535591709,0.013781119692058771,0.02737640497744957,0.4004796511256961,0.5512747166692038
0.00702911173769234,0.01360420377443628,0.02487467619522648,0.4025671562580298,0.5519248520346153
0.006976167164078494,0.01344486914047375,0.0225994877832802,0.4044862774278803,0.5524931984842872
0.006928622700824174,0.013301239990598129,0.020530712618082127,0.40625000936157785,0.5529894153289179
0.00688590317585349,0.01317166209878222,0.018649938773060506,0.4078704548145214,0.5534220411377826
0.006847499481206202,0.013054673148912274,0.016940337540271695,0.40935886860903314,0.5537986212205765
0.006812960148163775,0.012948977580770234,0.01538653868742899,0.4107257022470073,0.5541258213366297
0.006781884134886791,0.012853425181503472,0.013974513231229838,0.4119806485108972,0.5544095289414827
0.006753914630137366,0.012766992799237962,0.012691463795121788,0.4131326855793881,0.5546549431961147
0.006728733711889685,0.012688768668612857,0.011525722464482399,0.4141901202797382,0.5548666548752768
0.0067060577280036405,0.012617938929201752,0.010466655941331306,0.41516063017985366,0.5550487172216096
0.006685633289076519,0.012553775991526059,0.009504577723800993,0.41605130429179954,0.555204708703797
0.006667233782208193,0.0124956284651846,0.008630666984630676,0.4168686822164432,0.5553377885515334
0.006650656329587867,0.01244291241230003,0.007836893791672508,0.4176187916077477,0.5554507458586919
0.006635719128220424,0.012395103729214148,0.007115950296958576,0.41830718387616095,0.555546042969446
0.006622259117299049,0.012351731491892852,0.006461187515505393,0.4189389680846567,0.555625853790646
0.006610129928125869,0.012312372127213237,0.0058665573178076505,0.41951884301919506,0.5556920976076581
0.006599200078425902,0.01227664429430624,0.005326559268633848,0.42005112743851053,0.5557464689201236
0.006589351378662028,0.012244204378302426,0.004836191957538151,0.4205397885268827,0.5557904637586147
0.006580477522758879,0.012214742513886007,0.004390908482103904,0.42098846858852584,0.5558254028927254
0.006572482839655567,0.012187979068574622,0.003986575762308213,0.42140051003398316,0.5558524522954784
0.006565281185472095,0.012163661526069753,0.0036194373827657333,0.42177897871789904,0.5558726411877933
0.006558794958906311,0.012141561718738942,0.0032860796783857546,0.4221266856941842,0.5558868779497848
0.006552954224869232,0.012121473365597752,0.0029834007977254445,0.42244620745924666,0.5558959641525609
0.006547695933392021,0.012103209878303081,0.002708582496724785,0.42273990475695467,0.5559006069346254
0.0065429632225593864,0.01208660240285025,0.0024590644333377714,0.4230099400206056,0.555901429920647
0.006538704795691308,0.012071498069048659,0.0022325207506736643,0.4232582935276342,0.5558989828569522
0.0065348743642494826,0.012057758423568033,0.0020268387525287485,0.42348677834232795,0.5558937501173258
0.006531430149020937,0.012045258025510364,0.0018400994905620877,0.42369705412058656,0.5558861582143202
0.006528334433056239,0.012033883186162239,0.0016705600968187032,0.4238906398489539,0.5558765824350089
0.006525553160637745,0.01202353083689223,0.0015166377088253343,0.4240689255878635,0.5558653527057812
0.0065230555772431125,0.01201410751114201,0.0013768948470876537,0.42423318328642007,0.5558527587781072
0.006520813906067459,0.012005528428167109,0.0012500261165294421,0.42438457673316393,0.5558390548160723
0.0065188030571871934,0.011997716667657954,0.001134846114265919,0.4245241707042197,0.5558244634566692
0.006517000365901542,0.011990602425648363,0.0010302784361345672,0.42465293936709375,0.555809179405222
0.006515385357182689,0.011984122343227854,0.0009353456836604729,0.42477177399518773,0.5557933726207414
0.006513939533511997,0.011978218900538745,0.000849160381654227,0.42488149004492126,0.5557771911393738
0.006512646183682469,0.011972839869382391,0.0007709167244746897,0.42498283364419576,0.5557607635782646
0.006511490210414704,0.011967937818496078,0.000699883076181296,0.4250764875378584,0.5557442013570495
0.006510457974867871,0.011963469666209585,0.0006353951563964909,0.4251630765328274,0.5557276006696987
0.006509537156334349,0.011959396275759173,0.0005768498497407792,0.42524317248266036,0.5557110442355055
0.006508716625589538,0.011955682089039209,0.0005236995822314764,0.4253172988485746,0.5556946028545652
0.006507986330529951,0.011952294795014197,0.00047544721309292703,0.42538593487129817,0.5556783367900648
0.0065073371928764025,0.011949205029407025,0.0004316413950443525,0.42544951938561903,0.5556622969970532
0.0065067610148462395,0.011946386102626728,0.0003918723603503774,0.42550845430713685,0.5556465262150398
0.00650625039481167,0.011943813753209014,0.0003557680937676247,0.42556310781848705,0.5556310599397248
0.006505798651062216,0.011941465924317662,0.00032299085703166677,0.4256138172802113,0.5556159272873773
0.00650539975287893,0.011939322561100564,0.00029323403272888554,0.4256608918894863,0.5556011517638053
0.006505048258208093,0.011937365426913652,0.0002662192583137434,0.4257046151080849,0.5555867519484796
0.006504739257293939,0.011935577936621682,0.0002416938236884956,0.4257452468792378,0.555572742103158
0.006504468321693673,0.011933945005360594,0.00021942830818100174,0.42578302565146986,0.5555591327132949
0.00650423145815551,0.011932452911303619,0.00019921443495803725,0.42581817022601165,0.5555459309695712
0.0065040250668918454,0.011931089171114479,0.00018086312291503535,0.42585088144301586,0.5555331411960627
0.006503845903825653,0.011929842426897987,0.00016420271790621883,0.42588134372054365,0.5555207652308265
0.0065036910464294755,0.011928702343572595,0.00014907738683716686,0.4259097264591164,0.5555088027640445
0.006503557862813756,0.011927659515692109,0.0001353456596496553,0.42593618532354904,0.5554972516382953
0.006503443983754358,0.011926705382836512,0.00012287910559968565,0.42596086341278677,0.5554861081150227
0.006503347277379341,0.011925832152775073,0.00011156113147617287,0.42598389232755035,0.5554753671108192
0.006503265826262049,0.011925032731680541,0.00010128589054037715,0.42600539314475727,0.5554650224067599
0.006503197906691881,0.011924300660740978,9.195729199607344e-05,0.4260254773069086,0.5554550668336625
0.006503141969916165,0.011923630058577163,8.348810173599536e-05,0.42604424743392527,0.5554454924358456
0.00650309662516618,0.011923015568929352,7.579912596019358e-05,0.4260617980642647,0.5554362906156796
0.006503060624298404,0.011922452313126788,6.881847003451537e-05,0.426078216331556,0.5554274522609843
0.006503032847898066,0.011921935846899262,6.248086565892593e-05,0.42609358258243957,0.555418967857104
0.006503012292706693,0.011921462121130839,5.672706005282796e-05,0.4261079709408057,0.5554108275853039
0.0065029980602483465,0.011921027446193128,5.1503261443604265e-05,0.42612144982316347,0.5554030214089515
0.00650298934654138,0.011920628459529023,4.6760635670314454e-05,0.42613408240945605,0.5553955391488034
0.006502985432793043,0.011920262096188568,4.2454849192074695e-05,0.4261459270732578,0.5553883705485685
0.006502985676983988,0.011919925562045953,3.854565422453929e-05,0.42615703777493863,0.555381505331807
0.006502989506258714,0.011919616309452107,3.499651212120641e-05,0.42616746442106257,0.5553749332511054
0.006502996410045643,0.011919332015099347,3.177425147491374e-05,0.426177253193001,0.5553686441303791
0.006503005933837914,0.011919070559896015,2.8848757738482178e-05,0.4261864468474702,0.5553626279010573
0.006503017673572409,0.011918830010667044,2.619269145911019e-05,0.4261950849914671,0.5553568746328345
0.006503031270550371,0.011918608603513427,2.3781232488851722e-05,0.4262032043338544,0.555351374559593
0.006503046406848368,0.011918404728679315,2.159184777608442e-05,0.42621083891564443,0.5553461181010518
0.006503062801173183,0.011918216916788864,1.9604080564112036e-05,0.42621802032085265,0.5553410958806213
0.006503080205118536,0.011918043826327914,1.7799359023298382e-05,0.4262247778696189,0.5553362987399114
0.006503098399785445,0.011917884232257089,1.6160822524883898e-05,0.4262311387951498,0.5553317177502828
0.006503117192731854,0.011917737015653074,1.4673163930000701e-05,0.4262371284058914,0.5553273442217936
0.006503136415220089,0.011917601154284524,1.332248641731762e-05,0.42624277023421947,0.5553231697098585
0.0065031559197338855,0.011917475714037444,1.2096173508868625e-05,0.426248086172819,0.5553191860199007
0.006503175577739291,0.011917359841112932,1.0982771077089036e-05,0.4262530965998189,0.5553153852102518
0.006503195277666157,0.011917252754926866,9.971880228578812e-06,0.4262578204936561,0.5553117595935222
0.006503214923089222,0.011917153741647892,9.05406006162849e-06,0.42626227553855367,0.5553083017366476
0.006503234431089566,0.011917062148315751,8.220739387265858e-06,0.42626647822142,0.5553050044597875
0.006503253730779342,0.011916977377487233,7.464136587278234e-06,0.42627044392090657,0.5553018608342395
0.006503272761973902,0.011916898882362003,6.777186859221229e-06,0.42627418698929265,0.5552988641795121
0.006503291473997358,0.01191682616234468,6.153476167166298e-06,0.4262777208278103,0.5552960080596805
0.0065033098246085495,0.011916758759003778,5.58718128015885e-06,0.42628105795596555,0.555293286279142
0.006503327779035903,0.011916696252391595,5.073015336975287e-06,0.4262842100753649,0.5552906928778707
0.006503345309110608,0.011916638257692331,4.606178427831434e-06,0.4262871881285101,0.5552882221262593
0.006503362392488579,0.011916584422168839,4.18231273057089e-06,0.42629000235298486,0.5552858685196271
0.006503379011952616,0.011916534422380998,3.797461781319388e-06,0.42629266233141855,0.5552836267724663
0.006503395154786841,0.0119164879616513,3.448033498660364e-06,0.42629517703757874,0.5552814918124845
0.006503410812216508,0.011916444767755285,3.130766615142291e-06,0.42629755487891535,0.5552794587744978
0.006503425978906621,0.01191640459081649,2.842700202309279e-06,0.426299803735849,0.5552775229942256
0.006503440652513651,0.011916367201387786,2.581146003755819e-06,0.42630193099807057,0.5552756800020242
0.006503454833285174,0.011916332388701979,2.3436633176616762e-06,0.42630394359809837,0.5552739255165967
0.006503468523702559,0.011916299959076787,2.128036193704044e-06,0.4263058480423165,0.5552722554387105
