,0.01,0.3,0.9
0.2,0.13997649161757064,0.12170695874486037,0.11585425415266458
0.203,0.1395798625624066,0.12112508310886469,0.1150663155163941
0.20600000000000002,0.13905453997054196,0.120808423060995,0.11410212897215308
0.20900000000000002,0.13823802071219435,0.12042603438139367,0.11336937388713665
0.21200000000000002,0.13775017581169957,0.1194014330558047,0.11244527195615371
0.21500000000000002,0.13729697050261933,0.11904364357207674,0.11183352919558529
0.21800000000000003,0.1366690183186686,0.11840169918520628,0.11135844313244661
0.22100000000000003,0.13610692419092327,0.11763181049114746,0.11025972006266192
0.224,0.13574179858355173,0.11689955147896654,0.1098508053014649
0.227,0.13471076253507352,0.11620320536558872,0.10930335960836832
0.23,0.13425081293790148,0.11526867304517191,0.10849762120006651
0.233,0.1337787629958388,0.11433778103034285,0.1074780300886986
0.23600000000000002,0.1333062441786668,0.11390024937341377,0.10648227810334575
0.23900000000000002,0.1326533482886354,0.11330615682703021,0.10593569011931576
0.24200000000000002,0.13183991509670454,0.11247661196419821,0.10540943633874691
0.24500000000000002,0.1313380111138447,0.11184222739253348,0.10425196658943324
0.24800000000000003,0.13078505766411758,0.11075627054548667,0.10382445687777717
0.251,0.13014490855066424,0.10957056256879659,0.1027414737049663
0.254,0.12966255115073355,0.10915476958277909,0.1015140960397904
0.257,0.12865962467022135,0.10852919798987211,0.1012388019100377
0.26,0.12834782104151243,0.10786227184463244,0.10053753673443316
0.263,0.12800584221144704,0.10735129823384543,0.09971892453337354
0.266,0.12732154441076188,0.10641334262141969,0.09893877955652003
0.269,0.1267445622389012,0.10583075613092566,0.09860389903855266
0.272,0.12608177985351968,0.10532094106414858,0.09794881742617774
0.275,0.12549366179717888,0.10458404875971639,0.09781679885008128
0.278,0.12477351394694738,0.10461599290335809,0.0973558440544659
0.281,0.12442882164136534,0.1041899794432902,0.0968070590883447
0.28400000000000003,0.12356449603781108,0.10385286460576931,0.09616687619815177
0.28700000000000003,0.12323569785832923,0.10305290641344056,0.09543262654411881
0.29000000000000004,0.12249844218179952,0.10213516188244086,0.094295977489648
0.29300000000000004,0.12188312026431353,0.10126959589741037,0.09332699305815048
0.29600000000000004,0.12175300797085133,0.10029225744984538,0.0928558354771112
0.29900000000000004,0.12061556032699652,0.1001379362154569,0.09227902141835553
0.30200000000000005,0.12007461247115266,0.09944763436840548,0.09178138524116478
0.30500000000000005,0.11962043703168625,0.09905417592645166,0.09118925743269139
0.30800000000000005,0.11919733538340216,0.09861245341588756,0.09070030680733973
0.31100000000000005,0.11846551812725277,0.09784667039172654,0.09088319064860649
0.31400000000000006,0.11769740554071621,0.09761321868169313,0.09012667178824214
0.31700000000000006,0.11752227652329676,0.09710142572993538,0.08961407892479975
0.32000000000000006,0.11669188894963567,0.0960713750506506,0.08855337985584313
0.32300000000000006,0.11591295732248008,0.09505739637833285,0.08725118502802408
0.32600000000000007,0.1152905627562892,0.09397437199868179,0.08626636338918046
0.32900000000000007,0.11468780914169376,0.09332876189831722,0.085584373969604
0.3320000000000001,0.11441738979209956,0.09299612754526476,0.08493492038257103
0.335,0.1137793795188714,0.0925203147974077,0.08432758205809929
0.338,0.11300617727107035,0.09180353825953662,0.08397287338154477
0.341,0.11262582877983558,0.09132838648344903,0.08294979848554815
0.34400000000000003,0.11204999723107562,0.09038700185879572,0.08263985256602917
0.34700000000000003,0.11147838011123395,0.09038069545136063,0.08251659281720877
0.35000000000000003,0.11127552974830454,0.08967142070520208,0.0821087236580657
0.35300000000000004,0.11049416331481422,0.08888804989545615,0.08128041632487157
0.35600000000000004,0.10978074975346472,0.08809994877543133,0.08050044614743196
0.35900000000000004,0.10909172251655408,0.08709946190053434,0.07963013791190417
0.36200000000000004,0.10855461038164084,0.08707033539652663,0.07928441744749086
0.36500000000000005,0.10823634947800662,0.08628311435112807,0.0790779874825252
0.36800000000000005,0.10791947841491556,0.08626162034540098,0.07876717411060671
0.37100000000000005,0.10709254398419121,0.08585766806148461,0.07810893706810842
0.374,0.10671995446899872,0.0858196347944401,0.07826867998723148
0.377,0.1061382742587991,0.08511810606650938,0.07753195123912132
0.38,0.10572620934146279,0.08457348748042894,0.07667378960750397
0.383,0.10512373530190201,0.08387441908952123,0.07602563361629201
0.386,0.10446187619687826,0.08310811714215782,0.07580857640890704
0.389,0.10391165530967905,0.08332596363189436,0.0755117695840563
0.392,0.10343755157367697,0.08252425468584029,0.07486008780376309
0.395,0.10271656489785545,0.0824123145957813,0.07443820687674124
0.398,0.10236890151875107,0.08157842158241362,0.07397837388680975
0.401,0.10178679027782617,0.08106779617684219,0.07353055420176761
0.404,0.1010966537558923,0.08022371096921418,0.07257479427296318
0.40700000000000003,0.10049477853027858,0.07893684625762998,0.07173665334276075
0.41000000000000003,0.0999535610807062,0.07788078037307315,0.07053347745040375
0.41300000000000003,0.09948938538076592,0.07773709868510492,0.07030164412773546
0.41600000000000004,0.09905374963913184,0.07734943301337782,0.07012224099916102
0.41900000000000004,0.09838914522429812,0.0769710048621892,0.07010951266793265
0.42200000000000004,0.0982407630094338,0.07690746522456776,0.0697428077831672
0.42500000000000004,0.09786575579804799,0.07690057529550684,0.06942715943864886
0.42800000000000005,0.09726950672391588,0.07593340777873485,0.0688209488258219
0.43100000000000005,0.09665461893256014,0.07535766124080463,0.0676737688578134
0.43400000000000005,0.09636739944917984,0.07442085687960079,0.06698395997383942
0.43700000000000006,0.09560943170996099,0.07397864326857263,0.06688223490521578
0.44000000000000006,0.09513685675238039,0.07370689399880825,0.06634779193576937
0.44300000000000006,0.09467187594231635,0.07322500502554942,0.06595389962619451
0.44600000000000006,0.09436131216668214,0.07297870328096291,0.065786333062725
0.44900000000000007,0.09388833378248729,0.07218934648449796,0.06501084554393102
0.45200000000000007,0.09344690793886984,0.07160340270421071,0.06429096403607969
0.45500000000000007,0.09303424216312511,0.0712307666173614,0.06442408477908061
0.4580000000000001,0.09256513196554327,0.07087770750716435,0.06372925572192228
0.4610000000000001,0.09200677747530756,0.07049318352392692,0.06339897551372783
0.4640000000000001,0.09137824207396035,0.07014545444553436,0.06310599939624198
0.4670000000000001,0.09096249091228918,0.06976497097985795,0.06282755636572579
0.47000000000000003,0.09038814812307608,0.06955104612457888,0.06227358411833696
0.47300000000000003,0.09004082837983589,0.06916992201301989,0.062067922831347495
0.47600000000000003,0.08969643147253693,0.0687672914841955,0.06181579898188054
0.47900000000000004,0.08915168747428764,0.06874612796247445,0.061538128407359345
0.48200000000000004,0.08926140822545561,0.06832903675661943,0.06136108351141863
0.48500000000000004,0.08836408015133762,0.06828545697182017,0.06115807936099213
0.48800000000000004,0.0880990814713547,0.06793440193917985,0.061282687150980876
0.49100000000000005,0.0879161313573872,0.06808782864293206,0.06098241912861292
0.49400000000000005,0.08727413963419062,0.06750676602414762,0.060547213119460805
0.49700000000000005,0.0868523593628419,0.06700415828617913,0.059798822152596603
0.5,0.08649399162517217,0.06573220346852014,0.0589925948210563
0.5030000000000001,0.08564090457853256,0.06488385162623564,0.05795537215023452
0.506,0.08559326123257126,0.06463191586240438,0.05803003804145215
0.5090000000000001,0.08530979258157108,0.06400240698279762,0.057675639045864695
0.512,0.08482671278961362,0.06409305303687829,0.05725417862515956
0.5150000000000001,0.08423617807538833,0.06349888314929099,0.056829293493122185
0.518,0.08417658284913862,0.06255201628842942,0.05627663767504992
0.5210000000000001,0.08349882304563146,0.06180833859500619,0.0555273231996614
0.524,0.08319704310206802,0.06163217519041504,0.055321502697100754
0.5270000000000001,0.08282273421455992,0.06125332598934032,0.055069606311141286
0.53,0.0821572119752515,0.061119530309355505,0.054843552194029276
0.5330000000000001,0.0820002477896324,0.0605456340931427,0.05426767698448475
0.536,0.08166325947368963,0.05988383219269668,0.05369274149411351
0.5390000000000001,0.08133194363700678,0.059802414461246386,0.05361081132290674
0.542,0.08072121525061027,0.059604586575031926,0.05327160056205849
0.5450000000000002,0.08061372023345158,0.05920565486627225,0.052663727935187324
0.548,0.08023960413578875,0.058592692783363515,0.0525602266915413
0.551,0.07974916113725584,0.05842055256595024,0.05229253202606686
0.554,0.07955788726777684,0.058228907456008124,0.052039744722420914
0.557,0.07898116798822077,0.057918907905917555,0.05177528945241679
0.56,0.07902273816499177,0.05791941617752076,0.05164894084346554
0.5630000000000001,0.0784137981259206,0.0576333446773966,0.05151318996149401
0.5660000000000001,0.0780674468987652,0.0575375386109024,0.051321946425427714
0.5690000000000001,0.07784786234670596,0.057455514264252966,0.05133626254254394
0.5720000000000001,0.07742404911761282,0.05736534825148061,0.051151110870311524
0.5750000000000001,0.07733502497505372,0.05704666269749479,0.05095411373100741
0.5780000000000001,0.0769424017133179,0.056829226065008835,0.05084877030403426
0.5810000000000001,0.07653201565701562,0.05676534769668834,0.05073924248855751
0.5840000000000001,0.07623046910237927,0.05683409790813136,0.05056181976862524
0.5870000000000001,0.07608079423188863,0.05627798193398967,0.05028972963043378
0.5900000000000001,0.07574978273496699,0.05605999360124999,0.05008380689259992
0.5930000000000001,0.07562103939244515,0.05588522644427746,0.04989646640009795
0.5960000000000001,0.07530656295582268,0.05549657584455175,0.049861386478081436
0.5990000000000001,0.07493411566247495,0.05540272147759604,0.04966561137836728
0.6020000000000001,0.07483026612991649,0.055098496590565565,0.04934911613594984
0.6050000000000001,0.07416269279789012,0.05498445635224811,0.0492397837587539
0.6080000000000001,0.07387401811999593,0.054773263748969375,0.049005573468989795
0.6110000000000001,0.07358901496360667,0.05441970852721172,0.048640737283824335
0.6140000000000001,0.0733349788350192,0.05383299803561456,0.048210743826527444
0.6170000000000001,0.07299302073608105,0.05266880984771064,0.04715381830009404
0.6200000000000001,0.07260834541342683,0.05223026764351161,0.046736237035485226
0.623,0.0723512307826351,0.05193230728343039,0.04667739722616267
0.6260000000000001,0.0719986224436852,0.05181636972926497,0.04636258378595985
0.629,0.0717645516268492,0.051452172549711975,0.045918272428528875
0.6320000000000001,0.07161928650310283,0.050573929057493826,0.04521700372708703
0.635,0.0716415631987617,0.050364835243999845,0.04515104982040831
0.6380000000000001,0.0709811465468939,0.0500372065721338,0.0447639605182251
0.641,0.07052876616629968,0.04975057250037758,0.04429955122625733
0.6440000000000001,0.07046840377470395,0.04906531725154668,0.04400332915726513
0.647,0.070207125730054,0.049105405190442986,0.04390933852298764
0.6500000000000001,0.07002674359620675,0.04874834432814353,0.04360356381250319
0.653,0.06951276228104676,0.048512850039064456,0.04318586894686637
0.6560000000000001,0.06910210868430317,0.04824178901024168,0.04311496917884812
0.659,0.0690436735151599,0.04801165892445163,0.042940934957025056
0.6620000000000001,0.06891714495361584,0.04793918255775451,0.04284616884918013
0.665,0.06877606546939033,0.047695641266757655,0.04267590501220649
0.6680000000000001,0.06832389148338743,0.047744810471870555,0.04239401808867299
0.671,0.06822058268075555,0.04780395149141598,0.04251342482820947
0.6740000000000002,0.06800139181889495,0.04791693295902455,0.0424440965005594
0.677,0.06786914964373944,0.04779613612753885,0.042288762935070175
0.6800000000000002,0.06771016228024104,0.047471306544200106,0.04228741500612092
0.683,0.06730359525167193,0.047544418066034703,0.04219231330390082
0.6860000000000002,0.06709639210887525,0.04725366255345866,0.042076320705399316
0.6890000000000001,0.06679842246193933,0.04707458997003143,0.041814088604753746
0.6920000000000002,0.06684320704561435,0.04671649175218423,0.04165987021161062
0.6950000000000001,0.06642011812488727,0.046818849529024445,0.041789936580940774
0.6980000000000002,0.0663722715461002,0.04643925518784906,0.04148788100148997
0.7010000000000001,0.06586432158170838,0.046650659730420777,0.041341418472321693
0.7040000000000002,0.06612562075051698,0.04608608792636598,0.041324036059348514
0.7070000000000001,0.06545649311994053,0.04626363146080631,0.041171609155513614
0.7100000000000002,0.06559245312148908,0.04581339442648342,0.04100255336475786
0.7130000000000001,0.06513818016295778,0.04583993501558488,0.04098128719422145
0.7160000000000002,0.06498382765447039,0.045779712018691916,0.040704848608844005
0.7190000000000001,0.06475835966973999,0.04555503248078353,0.04065203226438486
0.7220000000000002,0.06462836350528098,0.045403379310160655,0.04060918300973924
0.7250000000000001,0.06427760799874573,0.04515485272544563,0.040421388531735006
0.7280000000000002,0.0641477220065114,0.04487456966230702,0.040296921112691536
0.7310000000000001,0.06397777971432311,0.044936041047375586,0.040206035988135616
0.7340000000000002,0.06363316051761352,0.044574731390193786,0.040086899847171
0.7370000000000001,0.06357658027854281,0.04458170280983169,0.03998996525338747
0.74,0.06381637932284784,0.04456115250428343,0.040031724477269444
0.7430000000000001,0.06313893770437982,0.04439350643883965,0.039691285928120476
0.746,0.06304815732137328,0.04410752943864384,0.03958031757363748
0.7490000000000001,0.06270509192028974,0.04414036254940022,0.039435169044562735
0.752,0.06259907340994168,0.04387417840410889,0.039412036801504215
0.7550000000000001,0.06237767874744606,0.04366001913500674,0.039236198002721226
0.758,0.062147039116852314,0.043540723380221275,0.039157581919808566
0.7610000000000001,0.062073932091625164,0.043346048134063786,0.03906157956567994
0.764,0.06187939809023064,0.04339311684434195,0.03889396633425507
0.7670000000000001,0.061956462712312484,0.043242365527966606,0.03893889093793794
0.77,0.06151171576702082,0.04290186838817161,0.03840582601491537
0.7730000000000001,0.06147212284908734,0.04196720354163417,0.037693369818045594
0.776,0.06094891565018137,0.04150033256057015,0.03724562346201774
0.7790000000000001,0.06124112829269607,0.041324265168771884,0.03715265212190317
0.782,0.060410729880290316,0.04092971355565182,0.03698723136984406
0.7850000000000001,0.06063529043708256,0.040462163415418945,0.03645545844598837
0.788,0.06025581707446124,0.04008631038236477,0.03609954524034089
0.7910000000000001,0.06017723165734517,0.03999724562066348,0.035988942663049917
0.794,0.059934973778800256,0.03985789252762307,0.0357665773704519
0.7970000000000002,0.05975906688727592,0.0394242652038139,0.03534131844970029
0.8,0.05937493787083402,0.03942349111982142,0.03521248381177728
